KEYWORD,FREQUENCY
trust,1693
risk,383
consent,311
responsibility,272
risks,268
concern,252
purpose,226
consequences,221
feelings,221
concerns,202
circumstances,200
disclosure,185
gossip,185
violence,184
harm,171
reason,170
confidence,165
context,159
intentions,151
experiences,142
empathy,140
threat,131
consideration,127
duress,126
safety,125
threats,112
bond,109
uncertainty,109
confidentiality,106
anxiety,102
emotions,100
acceptance,93
judgment,92
chance,91
caution,90
reasons,90
reassurance,88
permission,86
discretion,77
pressure,76
importance,76
possibility,66
reasoning,66
boundaries,61
factors,58
intention,56
discrimination,54
justification,54
distress,51
guidance,51
autonomy,51
vulnerability,50
coercion,50
experience,49
lifestyle,49
majority,46
violation,45
condition,44
opinion,43
trustworthiness,43
self,43
validity,42
assessment,41
difficulties,41
personality,37
use,37
thoughts,36
intimacy,35
assumptions,35
conflict,35
miscommunication,34
encouragement,34
actions,34
stigma,33
understands,33
relief,33
ethics,33
explanation,32
closeness,32
discussion,32
ability,31
intent,31
needs,31
habits,31
preferences,29
approach,29
outcomes,29
judgement,28
opinions,28
embarrassment,27
willingness,27
danger,27
misuse,27
misunderstood,26
challenges,26
attitudes,25
truth,25
discussions,25
conditions,25
partner,24
legitimacy,24
hope,24
infidelity,23
worries,23
parties,23
act,23
fact,23
contemplation,23
space,22
security,22
repercussions,22
trusts,22
class,22
victim,22
motivation,22
likelihood,22
familiarity,22
betrayal,21
considerations,21
dialogue,21
maturity,21
rights,21
mistakes,21
control,20
troubles,20
doubts,20
honesty,20
secrets,20
news,20
diagnosis,20
feedback,20
