TREND,CLUSTER_SIZE / FREQUENCY
trust_trustworthiness_trusts,1758
purpose_circumstances_reason_consideration_reasons,1697
risk_risks_concern_concerns_safety,1508
feelings_experiences_empathy_anxiety_emotions,1300
responsibility_disclosure_bond_confidentiality_discrimination,1035
gossip_violence_context_coercion_violation,863
consent_intentions_permission_discretion_boundaries,794
consequences_harm_duress_judgment_outcomes,716
confidence_uncertainty_acceptance_validity_assessment,630
threat_threats_chance_possibility_guidance,526
